customer_id,correct_id
0,540klx2qsemc
1,t704mot7fsm3
2,15b0tblir2rp
3,7jh0rkzjnypp
4,ne3pefzqqzxc
5,9qnzvmzecu3v
6,d4q3v2fo3or2
7,b63tg6v5wnds
8,qn2vfvza3myi
9,i7iad62nfhm3
10,0id07wns35nw
11,bjr3p0gorwuy
12,84h8nyclyjxm
13,yagm511dre6g
14,gn5fgocywdeg
15,29pxnx0mw4mh
16,3756cs09roqp
17,qaht7dzkjatt
18,andwj5iioj7s
19,ywjw74nrsft0
20,io2lr2h87cj2
21,u112ojjhrmvc
22,p763o7i6j7u1
23,0jo7786n93bl
24,oasuimn96ui1
25,fnot5a9872wt
26,k8s1ewuo7unr
27,cns392h93ajc
28,hi0l3nj79e9a
29,6jsh50tam6ed
30,l4t5brj0jity
31,tdli6b3k7evi
32,fad57kco3avj
33,eag9x6qo3pf0
34,5p2ks5lhzhcn
35,l123dw0udd6o
36,oz2ra7vomtq3
37,q92f3i3k6se8
38,0bmcxi8o9d68
39,j2yr6k5v27rl
40,48y2pbdw6c3l
41,lpaopyfdf308
42,tdgq9u9e7ser
43,b7scaodi6l23
44,vuiepe6h4ekd
45,o6a6esiw04gu
46,o7fh2kzyq57v
47,elh2ixo4ixz6
48,ljvc7f7ifc7c
49,dvp5k6usn3u1
50,ortl22xajjgz
51,sstkkj8mahky
52,kzbq1l2243ko
53,0j15k0zfh6qe
54,ro1iken99bwo
55,u2igep469h99
56,876jbvo7qrdn
57,iayecv9jwlok
58,ja4g21to59ft
59,id93di93qats
60,wcqwdlluia7t
61,hib8y1wkvpob
62,8cpw48fgqzpo
63,wanpoayrx8d2
64,6umbd4ye59pp
65,xevhlna0xyuk
66,25awcwnnap29
67,wewgokvqbyq4
68,d1dsf93qqg1r
69,fkx2uyf726ir
70,z2r3zdbvp1x0
71,4dsktrzs0wu0
72,iyacv7qinvpi
73,ufsj2hwibxzp
74,psg7vi8y0mhe
75,pdsgf6saffuo
76,fquh2ygriees
77,22oa8yfa2eq4
78,z1l9y68ke9je
79,i0cgq0bxz1xf
80,5ye6yb6uvnan
81,9l418mdv9qkb
82,lff9eyfjv5kk
83,ct7supekqcbg
84,o0lzc3ya38ww
85,4bq8v02whjqk
86,6bflarwz9ssx
87,bg711k2040sc
88,4scazn1ikkma
89,gj75pex6zw54
90,9fujm2q6p6h7
91,rhqiz7examai
92,kx2j9rweoqzx
93,eh2swek4qd8t
94,nq5pvjplaoju
95,zan45733tv7c
96,dvp70d7p21pb
97,ugvsonkmgdkc
98,v121b1e9ma3f
99,augm395mf8fs
100,o4t824nvbzo7
101,byrz8nghkpsh
102,70w4g5q7exqx
103,2k0459u6rd4d
104,4b7ltg9tb4om
105,3drhujsj0zgu
106,k06ykem5241y
107,5gdp3fkdtr2w
108,lmoezh3pzdrv
109,lgfdo4rrh4nc
110,y3zanbo18h7d
111,72f48fzxj62v
112,e83ff05xhl20
113,mimccp83h5bm
114,ms404oxtd516
115,s435cjd9y9gh
116,movjkve1bmxn
117,zsrw43epmvat
118,j6chxonfy7l9
119,0csjex1p52x5
120,1zunrd0izpm6
121,m6g6849g460b
122,5kcimtps4f8e
123,9dpvvsta5p8a
124,541u9zsu3u3e
125,n0lynrqxejw1
126,s0nugz1j9abc
127,xg2y6yzn7e10
128,0ur9znguvwbe
129,gj1d6dya8ylu
130,m01c3bvuoan4
131,2bl9prwhdjzq
132,tbzinq614ypa
133,tqmlzpl0q3fp
134,9v0odll5my58
135,k8mobaktb0zc
136,mfv3ii74gibz
137,k3uq5z62l5d2
138,zj3suohb741t
139,t2pcsrhbt4v2
140,mafjtw78iesa
141,l1pdjkut978d
142,bqn4uq09hayd
143,hcwa7clh9att
144,32osneuc1745
145,dndo7dcw0lhu
146,p6tzndwa4s4l
147,xgfjdqyjx3rs
148,4mo7bdwm9c5v
149,4hxrufa88jqs
150,1lbm8mb2012y
151,wfjestyn9dyl
152,7osytnphgfx9
153,q33dfns4hcq8
154,06t8qlzdsyed
155,wjvm8d3ebsoq
156,qs8blpqwd1dp
157,yg53aw1prgqu
158,8hfjbs30c3gv
159,endn4r55om7w
160,eaj99vl25faw
161,59q8kx15gdz4
162,fmfgb25h7cwq
163,m9xu3mogrwo8
164,6phtxstv30zb
165,tl1wpxsm7jyl
166,8wvm4eiwvjre
167,qd0tu5ugoeqx
168,k7ssw822odzb
169,rqbbmd1sso69
170,9n3qsvlagvrl
171,apohmlgns6ch
172,go6iiw6phq7e
173,z5p6aqq2de27
174,vvh0r3ibvkhu
175,yolx7bn6n9j1
176,cis8lndo62sm
177,ivqmip6y7sq0
178,r977sqdrmo7a
179,tbfixhzt73ee
180,v3sggesn11tx
181,9aae4tlapa9h
182,41gzyvwpzayn
183,zqeo3nr0zqez
184,actvq5wq76sk
185,z5jhf2m9zd87
186,xsb4v8ms4tss
187,c0qk895il0uk
188,9ruclarcal3x
189,frlh57jxt504
190,wf9l7brvauup
191,406uswapd49t
192,ya1effjy1sip
193,ggv2fj0d00fs
194,vw0gv6xwu7hc
195,j7t3qbz9egud
196,o908koune93y
197,ljktdt9b0cmk
198,pops44r246dr
199,bidynpl2cl7p
200,9bpvzqs6wvcv
201,cs12u3jjjqxq
202,mnltxp306fnd
203,kf4651voer01
204,8tvh860c60oz
205,vwqm9osi9b5m
206,e1o61vhtmxqk
207,82vac4a43m43
208,ja4ngohibxhd
209,5m916w9y4bys
210,xvn5yrpbiyyy
211,dn7yotw7c1ha
212,y3w78qk3d1l9
213,nasvmj58bokg
214,22b5hn2uyuyk
215,uiwwabh9nemp
216,fu4ggb3k41oo
217,k8irb5firv72
218,btai1vc2agpf
219,u3qsgetsyceg
220,n1hmj78k92yb
221,voj7u5q8iqcd
222,2z6a8gjx24yx
223,2878kctrysbz
224,6kxmztuk64gr
225,9h32bevcs1gf
226,8nbjxadn0po6
227,502btnzj17lv
228,lm7shgvoh36v
229,41prnu8vv46y
230,krful580br2s
231,xhu28xy1bcpy
232,t9pumpvue5q3
233,8knpozws4pws
234,slhy6yzpmrai
235,4qk89v5futov
236,oom8mofv6wkq
237,hzxaq6na9gp9
238,vqf64vfaqo7y
239,hxp1aaqbnmvo
240,iplzyj4phlaj
241,6mcyept4hspq
242,ckcgz6yktjyk
243,nam0bph5nqpk
244,cpdr3wervv9e
245,xlcla2qb41qh
246,w4whl8wwlhlp
247,ebsl0laik2pz
248,3mjq1mhcom5x
249,pllztg4kirka
250,43wmbitpmyu3
251,31a93vssncq4
252,s2irblor0peh
253,bnr0xilfbiub
254,twqvc1abxlp7
255,oyf47ouz4qaq
256,w2drevv3thm0
257,sst2gbdfhvv3
258,wlm60959ceux
259,ddb4274lg8ri
260,b5269884ufcx
261,poy9f54qdh4r
262,hu820znpsbis
263,3x5zfx9lkgpv
264,tr6xfy7w250k
265,3dgx0u43b07e
266,dd4gpkem2z75
267,pehm1uy76uvg
268,etb73og2w72v
269,tezhjr48yxt4
270,a1frqqlkqfyb
271,93u1x89e3gnh
272,ow8k4gmgq5l0
273,8g76cs3uzv6y
274,8d84gqx3m9kx
275,nx81t1k39i9l
276,lafykkwayl7h
277,gd4fvpi7872q
278,hgh08yll8dq0
279,csjdss506hm3
280,jp7ybjbfls2r
281,ycp3wdepgbgm
282,0ssj63g0wii0
283,cgxfw3b5q529
284,kqqwzd3exqcz
285,vm7mo8xytfkt
286,p453jrzsw31x
287,47otgcc5ushv
288,fpjn32j5jk5k
289,tov3t136ttr4
290,lau5uonisid0
291,8lta1r210hx8
292,14zjl0z0kf94
293,nb0trpxfx6ko
294,iuyx3b7u646t
295,z38max7pmu54
296,6zrlqmqdp77v
297,oioy7hksjvgu
298,ur0zmi3bt4km
299,d09gafau21fu
300,s0cnp5hq4vpx
301,tr6kfwc8kv2g
302,npyde086mqlb
303,hp731hx8hdmf
304,ydjbxmwc1cho
305,ksyya8d9w6g2
306,w0h984p4fjrk
307,uq50j4kvdzfj
308,lbu4kycxowql
309,lp8ro4uuyikg
310,cfajq7v3miy6
311,pm7l67jbdosg
312,nwyt79d40g2h
313,zgsvpgl2g1f0
314,l8w2jh3b6l8g
315,voetr9nqr8tm
316,d6sal4yohdux
317,tb1ldwsse9bh
318,hyrf726e07sj
319,be51d2ef6as2
320,9boyhphrlfa9
321,8ly0uqjd12kc
322,htmbhlkw5ozh
323,6z7kz942dts7
324,w875wfpzde5f
325,vq9hb2ir50bx
326,grg5ef8uaj3l
327,cqoeukfunpui
328,9btctgiwtzrm
329,j5b3ur6l1ay8
330,u4h1jcly3d28
331,bwqsh55bkt4n
332,obbyem227uab
333,0vi6yzeavcbm
334,ux8tgjcsuv7m
335,kd9l6iqudge2
336,3fj9ukcchz98
337,7b8niwndyo2h
338,2ilfi5scelqg
339,43krg2kuvigf
340,ieuu57t9tcvq
341,ayd7se1k13sg
342,oj69z5km9st3
343,nwgb93qs8r69
344,50kjdo9pmj3r
345,4tce3z1hdhlv
346,tdcl5ka2lbhj
347,a43r0pmjd93s
348,yz1ji511k4vd
349,xfejqaoo0d8e
350,6wu2vfucnr62
351,xiwdj1xvlbmd
352,ghjwnetufd0j
353,23f2tubkg3xm
354,trk3y8byz92b
355,lf8po9p1weq5
356,p90l5iay4n0z
357,3wigycirpwbn
358,49mxlva40x5v
359,nl3mxn27rn0o
360,bsgt7xf9mq5e
361,zhtjfohjf5n1
362,w27qz0nd4z9s
363,p8gt4vptzi97
364,6wkd913npmof
365,s6zfsdjc1smr
366,xfe0w4d0rzik
367,ul2rnugjtqz7
368,dt9lsxugpwi7
369,afldym6j2i2s
370,9rorvme4bllp
371,3gq22qj5xk5c
372,2tzhfnnyc1du
373,qa4ofyog3600
374,x5ahfr7ein54
375,cae2zyhmv04c
376,wyj0g2g030dl
377,a0bh25il7iv8
378,v4txqdjszs1l
379,7ye8p3mhmt54
380,wrn6zp8lw5wy
381,axdiznwlrb0q
382,9nqy9968f9cv
383,we3j386gd7hj
384,kx8xiyb8rb77
385,r6xc4p201tem
386,89796a0fx63h
387,gefh0ekhlho4
388,sqbganyxjthj
389,shwg07w15ydj
390,cldzcb4fd5zt
391,na1ebqrke93z
392,ai4mfikx5sbs
393,ig10383g6klm
394,3r87wjh7walm
395,988rhf9aw1vl
396,4kpp5lzvup1d
397,cdeqe3ly3il8
398,cvz1rbf15mby
399,6sgxnrrodqna
400,jx1fka901w7r
401,tflhwc93gpp3
402,7f8xg6o9igga
403,w0rj7hruv063
404,zz1utkx2p5hn
405,s8gj9rul3v5e
406,z2yl4fcfenc0
407,dvwehlr9sqi0
408,voarjdsa41g3
409,o78qcbbushhd
410,cp0dqask6ffu
411,nkekvpzc5c12
412,vjf8q9vwjt9h
413,j7tqju0anw5z
414,3rpo63c8aujc
415,72hk6ywa4jfa
416,y9xe6n07khl7
417,xbrxxskrzu1f
418,vv5zwbg6w3ed
419,rx9r25xpvdtu
420,4g8d8bqva2ce
421,dwvoo01ocuxr
422,yvoyrmdj1m1t
423,wxn7sya2t4xz
424,i6dt4byn6suk
425,ougaqj6a824d
426,9u4cnfqb81t1
427,5xd3ye0b5v79
428,zkhw3vqvxbyd
429,zr17ah3q3v7f
430,po19zguc9t40
431,0nv9ekjopl9g
432,4i0xmcwqqes2
433,nhasipom51sd
434,74mv3dhiy957
435,xdt9opbioz9d
436,9pxgr6vgbcxq
437,erl1j9q45gzx
438,eopnk0pxrspg
439,o7lgtzenw74x
440,73ae8hwd454c
441,tfy80ao8b5vn
442,ynb2rg35psp0
443,k2eebicqntts
444,i5aq3zckhyl0
445,qn0vdonyvpme
446,irub84wc13y1
447,ylezcqqepxkb
448,2u3zo1a4fp8a
449,kqq6isjkbu7l
450,nsiwhbh7e4wc
451,xpt19d8pi06y
452,he39gl3cpm3t
453,g1rwzp3x6zzt
454,8llk1tuk5wdh
455,lu2qr7mlu925
456,5sax79vaxjoj
457,8yg9qxxqlo9z
458,5q0yg89cy0la
459,pxzlr0gd44t1
460,6ghgg8zuznxu
461,qut4tucljany
462,4k4lhy41o1b4
463,sa6ydcq94wmq
464,2m5l59rfs18z
465,om94ob0mss6k
466,14g8c2lun5vk
467,wzhrtrn25iuy
468,eglmbv9zt3wx
469,gac5i0w2w87z
470,ud4yy4rmfh88
471,z4a64e3zn6lv
472,wc76o4lfy56m
473,fuhubnsaakb3
474,n94eizims92f
475,5v76hqmosykc
476,6km1mjdu8jmw
477,eh3dd4fyyxiv
478,fha1ovruaxix
479,26tsh86nu7j9
480,dx9ww0v9r2zr
481,58l99usg22yk
482,zodv62g6oe1l
483,h1sehrvnjkhz
484,yt4nyoc0c659
485,hjzmvaaigflx
486,awzwx8yzmxkg
487,okecrgzg9zth
488,0rzcywt5a2e4
489,7byt3gtrmx2a
490,elo460n20s5v
491,biurap73ihxv
492,7zjn5a6wofii
493,vf4i07iyncww
494,p99xts1priv2
495,1lasv3medi49
496,b1304t2xof4i
497,mhwt0huofgeq
498,nsr3kiuok0su
499,ojxwq7amaiok
500,hdtr0hoinsk7
501,d425v6pvymd6
502,tf554hqrwofq
503,mc84rmgmnl58
504,u7osl54qp119
505,cc2zug7g4rys
506,e2mop8213ngi
507,y6k46zn0ji1y
508,mxdi7xr8j9v3
509,abkzj55fkz88
510,4g2224a89q1x
511,zy2i26xs3hty
512,8j9vh0za3hs7
513,qg9t3yo4bqph
514,xhe3msebjwaf
515,so7q88ufhj49
516,z6rmmlb3vind
517,c7w5fduqlpc9
518,4iwl0atckrt5
519,8hifecortdnc
520,4uu2k8p78qoc
521,jtoseimx6awi
522,zw2cf1vxp7ns
523,lm0siy4nf3cr
524,gor73z94pcqj
525,ysvlnzvwqklu
526,1ohha7xc9ypk
527,dqe41mgeim3m
528,phere2ocg0an
529,6qrkk4wmn0py
530,z8173dwsmyei
531,g0inqo4npkm8
532,p42s4p2saxo7
533,kkgijf6vgdoq
534,0buwpr4gj89h
535,cqhp0odf6f65
536,jttph8lzpw7o
537,s1d9r3u1viwu
538,ckzyhmho85qr
539,8y86dbbo9jbr
540,7dl48we0hzxe
541,zwexte6kfyr8
542,ua55wa2rygjw
543,cgbfsna4jwu4
544,5ybes864f342
545,jcsfqifzxw27
546,uzvv5kgv3zdw
547,iu2w6w017fdb
548,5jqmaegf5umx
549,q2145n2afbyr
550,o09rl6v4lcpg
551,ix0u8aqnix0f
552,joow8u7lp00j
553,8b7rtoawyn95
554,hm2gyd4kdb6h
555,p6x4bi76a7v9
556,k7a8u5to06k3
557,pcitqrtpyi2k
558,gu08h9vy6qwp
559,fskpkv026kg4
560,b9d3f5gwagmm
561,qr4973bu376j
562,j6m4gztpziq2
563,p487z8a7z5w7
564,waat61uydmud
565,47o7ldkhtcv4
566,y7qgmsj65v4c
567,theucq8hhqsq
568,pi86t16daq4n
569,wgk4euw9mgxb
570,5q5krvcple29
571,jlkxufbis42q
572,x17rycvlky2s
573,xjluz94wyse9
574,r7y7gz9scjpv
575,ee4vlymby4g9
576,awd2qdgrdi2w
577,bltlkqkalczn
578,t4ycmqdgbth9
579,dk33z4sj24yq
580,3a00weoyfudv
581,62muanwbcx6g
582,2w3kbogzk89l
583,m4iuhf9s5lau
584,12798ahg89a7
585,iowbvwpe2475
586,jk5itu6yr2ty
587,rpbc5ok095g5
588,va4jyigvp4ku
589,7ia6pmjhcwzu
590,ypi5lwekhe29
591,1f8cwnys6de9
592,z8c25txe0dw1
593,4comazkzpsrw
594,c4zpr7s4vfb1
595,z7tpwzoly7zp
596,8vswftxgxgx2
597,b261hajrpsxe
598,cmfgccahrd0o
599,o6bdvnu7la3d
600,fyckpfyfvcbj
601,tga3xpykibo1
602,0xki7vndq2d0
603,wnn8iihdagx7
604,dbe08ijvq0s3
605,gday27f4i06j
606,9nlmlydviqfg
607,rx6quyeg4gtp
608,8rw9wain7xts
609,5e9v1ycdlkma
610,6utz8ixmoono
611,30j0o84mtlqs
612,5o0oo2kimxb6
613,twhqdhzcu86b
614,zy6am9kizj4b
615,54nnd7idoxuq
616,2pbna7gpcdq5
617,6bipvoh9yvox
618,ireoysclared
619,s03aotke0ouo
620,je1vxttx1bn2
621,xbz0a4j75o4s
622,t23oopdn7974
623,2e19931z2bs9
624,pol2p56js3nh
625,k5kojzuejjn4
626,83rffjl2p17u
627,u95x49ctyf7y
628,x58x09or0xrd
629,4igmbzxolwqf
630,6gigpn5cog78
631,vcj60woaw5rh
632,wvofy6o5c7m3
633,ru7jql1898tu
634,8p9jn5iqaabq
635,lok38cxy7hag
636,zskhw0n1rvfl
637,7a1qrd5ibdua
638,5js2nqiv9598
639,vytq3om1dmwl
640,1b8j46h8xbeu
641,1itbxhdbl8cm
642,tdf0eb0c3uxk
643,zdigrttvzi2t
644,nzgy9qy6h2j6
645,q0yk6wnq9sup
646,ksv2snhcl8ux
647,n6b2m50c57f6
648,oi5efw0w2c8g
649,ms5bt54ct5yt
650,kopo2i039iin
651,cfbzdsua8zmm
652,skjzgssj5w24
653,ypzdu1ynlytv
654,935ekpfg9pjt
655,64qwwaymffff
656,kwsqdkmmib50
657,6vc996l7tpsq
658,w0w9x325qhyn
659,uq7xvfhlxe4n
660,4c6tu1494kny
661,mukipovfvul8
662,0dwb1qbkzdp8
663,clwilufjtfgn
664,l1y6dmmb7juy
665,yvadmadmlxhm
666,g3tx48cf9vjw
667,40e27cqi0w1s
668,b1pd1nud5sq3
669,rayf94s7x5hc
670,45yydgy8drrp
671,9jof0a9zw7fp
672,n57yul0gdwar
673,ovfn9q9jgeh7
674,iwqci96nw5wt
675,5w2h6hl9w4kx
676,cpphzx7871aq
677,kxktmijtg4dk
678,flw4dtqswt0w
679,apzhs8687988
680,08erdr8xy3u5
681,wbi10fiu1dq1
682,1a921z4hn74v
683,fijjfbhv7g5j
684,m2nq80y71v3e
685,li26z8zcubc5
686,mosv2pv9mobq
687,yrjlzsepkic7
688,hbff1dohy7ih
689,qgzy0dt1e3w0
690,dvagczhkmuax
691,tv52c3hbydce
692,5v3rnfc14dkb
693,zg6c48ur6b2t
694,kymez53d1rgd
695,24v5k7dbluiv
696,vetbn8d8j82d
697,bfsj9u8zwd10
698,2s1qnaw6hkw9
699,pap5sh8kc41k
700,kishqs8ccfvt
701,1xspqlkf97ex
702,vy3li5eru2yw
703,zxuehitk259s
704,21v7qquyf359
705,3wa8vdf2uh1a
706,qhpz9iliwehk
707,q4i70c2irwtr
708,dn4ujqbewhbp
709,k4pdh1alazj5
710,jvb2pzp60uo6
711,w92ef4rfryhk
712,g2chuu5jn9b6
713,5ujxrnnvodsq
714,69a05wtxo718
715,9ikthmgm4xj5
716,4vdtwh8xpbb0
717,kp85pqr6xxwy
718,rtf06u1sv884
719,xi6z9pu0p0uy
720,nlexyjvv6kv5
721,iluk2uya6m7u
722,7gminzzycjdc
723,fwgbt8ve32z6
724,kwqtmjzomrrz
725,iav5sfueandz
726,wr7v0w6hxark
727,rmhx0ifygxzq
728,qng7s3x2wyxf
729,xr0dt316p9qf
730,m84qn05do6hc
731,75e9yp6kvrl3
732,fjpn4sj7u7id
733,7xqbfldwsx2q
734,xlr0x54jnhti
735,tlv357d785cp
736,ln21qt89dvfs
737,9h9fqqpqei65
738,69abd18oxjlj
739,gjt5stao5nqf
740,k2gvgy1y02gn
741,uyysj5j8arbr
742,h2tadceah448
743,1vt0a6sj30zo
744,u6u5wdgy3ivt
745,9llf7yv6ugsa
746,30nyiv46z20j
747,vx37c8zdlnu2
748,hon2p14r4kdb
749,am03dopagpgu
750,lw7lvth3nf4j
751,9xmhk0x14mt6
752,nz5hc2cg1n8c
753,2q2so0riq4rp
754,isroykaw1gjf
755,5qn6x16fimjk
756,urrgpa0hjq99
757,4oa2a6e8tdoz
758,8uh97xnyc7r7
759,ihjc51sttit7
760,nt119gqt9ax9
761,e4f9g9w2zvrt
762,22848py7s53u
763,b79c3ua4sn7d
764,l4elxbtclhrv
765,1tf8dzc7rqci
766,iqz5i9x12f4s
767,48ty75zn9mcv
768,986yed3qgtvd
769,hd1fdvp6hb60
770,f571pzs6pr43
771,c2f98hk8u1u6
772,cde8kcw7pobe
773,ipd8h6jvrb4w
774,eri3sskthykq
775,sgsv6263dsl7
776,hoofuo3gju11
777,bih2mfesqta3
778,zo8wc4hlub5x
779,8m0airphanpi
780,jsrb44f3zuhx
781,1zfdlq1jfu0b
782,ecw657clepkx
783,s2j91csnrrwh
784,2fkmxgryp755
785,5mdugeq8uwpx
786,963e52sobmma
787,24q40mmf7ebw
788,du4nenhbwhg2
789,ezknr19toms8
790,r616rsf2cvyu
791,kd6r0prwmh6t
792,p2k5e4cuzr2z
793,ca1vozpywc0n
794,m87ldu934efa
795,7ksrkzcj4k9m
796,juwy6uqdj2la
797,t5pexkow58o5
798,yu9thr8a80r1
799,8z8di4jj7nuk
800,dcqpje1gn1dh
801,3xtks9s6me3i
802,3r8yi1m6ab27
803,5brf0y9e5jy8
804,klhlqffswq9j
805,bn4hvue3jrg6
806,rgxfdyxqnc8i
807,ib4ohli49vwp
808,zrioyto2dgco
809,ae6u9bye6724
810,eir72k6xw5d6
811,6q24zdeu621u
812,t9jxcajs0zoq
813,x9tqho55d30m
814,35ecr4dwddq8
815,b3m9uiwh1gfd
816,5026ub2q333p
817,1vmbs9lkpkw2
818,naqofhgqr0ud
819,jw1qjojrqsco
820,v0p4mdvlpyhf
821,9d0f91s7z11u
822,chf41xuysvm6
823,jgiz3n2afczr
824,7thdtpc2zd2j
825,yyhatah5rpvf
826,icrxtj9sr2fj
827,9d0bh99fy2zb
828,5xmi4vzupxxz
829,b2743pukokwu
830,pmydd3px3b5i
831,1r3h7xn87voq
832,t16gvoq1d18p
833,j4e22tuigiag
834,1x7jujy2pg7w
835,139zzyhn484r
836,oon3dfkyjpis
837,sjgz7mmfer1j
838,h320ngn1uqpa
839,sqz1dm99jwhc
840,h14mwx51au74
841,cii8sw41hmz7
842,yajnftkf1cxi
843,rp4nlq5jsbtn
844,lmjxudqg037f
845,simup95d92w4
846,8vof4hk0r9lz
847,ttwoyu82ul2n
848,tdjdgqnsiazf
849,bqbrbbx2ybjs
850,qaljegzntr1w
851,xyq8g8gr2ffp
852,me3k5o6sa47p
853,chb323tqdshi
854,jf4cj62laerj
855,uuwny8ah8m98
856,d3ejcl5feu9t
857,zancd77xwcwu
858,p59dcrdylbkq
859,owecmzoht4o3
860,2iyh64xczi6v
861,cdyhdmfz0qfg
862,m85pedcl2j0u
863,c4mk9g3o4ttn
864,qj3xgfsbrv6t
865,zk8s4xalhygb
866,lj2puzw6mk4a
867,adtqmamkj77h
868,z4zkxx4bcenn
869,oyfctpzlmrqk
870,co8z4xn2dhdr
871,fdn496ix0zrr
872,4ex1kmgb0yuz
873,3ijz2xft8i96
874,1wye398ypy1s
875,jfh92sns2aog
876,ljorbl75t4t7
877,2bcv5noc8fy1
878,rd782xz6gl33
879,0pplemgh2ljl
880,lteoyx0zi6xt
881,0i1qe7u23m9y
882,rfwjztwddiaz
883,uemfzsea7d3n
884,w2bx9srlbm5a
885,ukqnlli3qhgh
886,3m7w23md1ysu
887,k0v6yymkuuqa
888,5qp3eym5841m
889,5jsaos543am9
890,qqgtb6264q5j
891,nps14me0opxl
892,fgaiyssdwgux
893,pubofaza3e04
894,jx2jd0uif5gj
895,usksxs72626c
896,xut2t1jf20fx
897,jwo98z883wd3
898,v7j7ynrwl238
899,g0jxfj62yg2m
900,9vi1fzlvuqd6
901,h7mv8nwaowfn
902,pnsw1jcbbmm5
903,fub7jqkekvg4
904,0tgsvt65xnet
905,n29t948tk0jb
906,sozu4g7c7bx8
907,6q90hlr3n8jx
908,xw1kmpncwdk2
909,vp796clmllpc
910,fc8adl3x7z0o
911,zxfpluxc3d04
912,6muytvqgtyj0
913,g0gw0lp2qjcs
914,zduyfiihasdr
915,7effvv2itr24
916,uqein02liw3r
917,83ew5590inb9
918,khe957ur8edd
919,vg9agjb03kdu
920,pzhqrkfhfqxk
921,n0t8g72kbt87
922,akpd3qxaayje
923,twbwljmkccgl
924,y1yqka4ziiyw
925,af791brh159c
926,j3cfyk1irvbm
927,z3vk7dopi1hr
928,xyw8pglkt0sx
929,ymuzfs5xlzgu
930,87oqd4vg15u9
931,t6y3y5784yr8
932,8zm1u0gqymw4
933,57qcwpsfpxpl
934,pnxh7tt33fiq
935,zbbg4k81kohf
936,qvl9y201hafp
937,s51xb4u1vrk3
938,n2x2hzxp5d1v
939,35ckhbqfxggq
940,a7rtooavw57y
941,61lq0g23q2yj
942,xi6zk7pjn7bw
943,nxp5fgfw92a6
944,07a0n05r5onl
945,8ozae2scm7v3
946,s3s9fnd9vwex
947,1ikicammj88r
948,627liehxwrg5
949,a5bpzheg25wt
950,eu7teizxdkvo
951,qndl8p2safqz
952,vim3bvz31dz7
953,r08me79p95jm
954,5bx1zekoqpou
955,3uzfnyiydn35
956,j00vyq1ezcdz
957,845trdmfhohf
958,0fy5yevd829h
959,el9x6meaveed
960,48ad0x0qysh5
961,q14l0t863gbt
962,ony8plik4v4s
963,esiivc6oh0j3
964,juxuyesgpleg
965,b3f4lyx03cfw
966,35dsda8vwopr
967,70wathwi3j9v
968,2l5r7xv7j0lj
969,jjkhoz232140
970,d2o4lu0flby7
971,4d3ytmslflsn
972,8v6275hb3b6i
973,zvvru3gwazd6
974,os5qj4ag2b1z
975,gtzamalgocqv
976,p6bm59l0027t
977,681r1fwv4tpg
978,ux57md3npezw
979,c4wjpai5wgyl
980,by92ad32qk1n
981,hg7stpi94f2y
982,ok1d59y24ri1
983,0pir4xw6uv86
984,ayoo3cj2k6cj
985,equac3zu7tjb
986,xz7r1t4rph9t
987,8ww3h6mmppmd
988,jvway53g31j3
989,4dtserrjtnvh
990,mfmhf1nbakb8
991,33sphdw514ne
992,neynv0s2w5iw
993,1drdsm9ujftn
994,qw1he5a3afxc
995,48l0200xb923
996,099dij0j0286
997,s3z2qm7ftt35
998,o9lmf99oholo
999,5wcl53mlgaxd
