purchase_id,review
863,Bought this for home workouts and it's been great so far. It has everything I need to keep fit right from my living room.
323,This coffee maker makes the best morning brews quick and easy. Love how customizable it is!
71,This 3D printer is a game changer if you love DIY projects. Easy setup and prints high-quality models quickly!
557,"The fitness tracker is a game changer. It accurately tracks all my activities, sleep patterns, and even has built-in GPS."
566,Love how versatile this electric grill is for different types of foods. It's the perfect gadget for outdoor parties.
776,I've been cooking with this sous-vide machine for a few weeks now and have cooked some really delicious meals.
938,"The new smart bulb system is so easy to set up, and the app controls are intuitive. Can customize lighting scenes easily!"
262,"My kids love playing video games on this gaming headset, which offers crystal clear sound and comfort for long gaming sessions."
666,"My kids love playing video games on this gaming headset, which offers crystal clear sound and comfort for long gaming sessions."
774,This air fryer is a great addition to any kitchen. Healthy frying with very little oil required.
254,"I've been using this instant pot for months now, and I can't imagine cooking without it anymore. So many delicious meals in such little time!"
830,The new wireless earbuds offer impressive sound quality and a comfortable fit. They last all day on a single charge.
875,This ergonomic keyboard drastically reduced wrist strain while working from home. Highly recommend!
538,Love the sleek design and durability of these noise-cancelling headphones. They're perfect for flights or anytime I need to focus.
849,"Absolutely love this new smartwatch from XYZ brand! It has amazing battery life, sleek design, and works seamlessly with my phone."
253,"The electric kettle heats water faster than my old one, which saves time when making tea or coffee in the morning."
594,"Absolutely love this new smartwatch from XYZ brand! It has amazing battery life, sleek design, and works seamlessly with my phone."
870,"Absolutely love this new smartwatch from XYZ brand! It has amazing battery life, sleek design, and works seamlessly with my phone."
119,"Purchased this blender after seeing rave reviews, and it does not disappoint! Makes everything from smoothies to soups effortlessly."
445,"The fitness tracker is a game changer. It accurately tracks all my activities, sleep patterns, and even has built-in GPS."
148,This 3D printer is a game changer if you love DIY projects. Easy setup and prints high-quality models quickly!
121,"The fitness tracker is a game changer. It accurately tracks all my activities, sleep patterns, and even has built-in GPS."
432,Bought this laptop for college and it's been fantastic so far. Lightweight and the battery lasts longer than I expected.
662,This 3D printer is a game changer if you love DIY projects. Easy setup and prints high-quality models quickly!
290,Got this robot vacuum as an upgrade from my old model and it's night and day better. Picks up everything and is super quiet while doing so.
340,This humidifier helps me sleep better by adding just the right amount of moisture to the air without being too noisy.
832,I've been cooking with this sous-vide machine for a few weeks now and have cooked some really delicious meals.
107,Got this robot vacuum as an upgrade from my old model and it's night and day better. Picks up everything and is super quiet while doing so.
912,I've been using this portable charger on trips and it's saved me multiple times when I'm out of juice but can't find a power outlet nearby.
761,"Purchased this blender after seeing rave reviews, and it does not disappoint! Makes everything from smoothies to soups effortlessly."
178,"Got this power bank for travel purposes, but it's come in handy even at home when all my other gadgets are charging too!"
154,"Absolutely love this new smartwatch from XYZ brand! It has amazing battery life, sleek design, and works seamlessly with my phone."
514,This projector blew me away with its picture quality. Perfect for movie nights at home without sacrificing screen size.
276,Bought this for home workouts and it's been great so far. It has everything I need to keep fit right from my living room.
537,I was skeptical about getting this standing desk but I'm glad I did. It's improved my posture and energy levels during work hours.
21,"My kids love playing video games on this gaming headset, which offers crystal clear sound and comfort for long gaming sessions."
616,"The electric kettle heats water faster than my old one, which saves time when making tea or coffee in the morning."
389,This humidifier helps me sleep better by adding just the right amount of moisture to the air without being too noisy.
685,This new gaming console has amazing graphics and a smooth user interface. Can't wait to try more games!
683,"My kids love playing video games on this gaming headset, which offers crystal clear sound and comfort for long gaming sessions."
304,I've been cooking with this sous-vide machine for a few weeks now and have cooked some really delicious meals.
815,This humidifier helps me sleep better by adding just the right amount of moisture to the air without being too noisy.
672,"Got this power bank for travel purposes, but it's come in handy even at home when all my other gadgets are charging too!"
301,This new gaming console has amazing graphics and a smooth user interface. Can't wait to try more games!
275,This coffee maker makes the best morning brews quick and easy. Love how customizable it is!
159,This new gaming console has amazing graphics and a smooth user interface. Can't wait to try more games!
259,This air fryer is a great addition to any kitchen. Healthy frying with very little oil required.
198,This ergonomic keyboard drastically reduced wrist strain while working from home. Highly recommend!
610,"Absolutely love this new smartwatch from XYZ brand! It has amazing battery life, sleek design, and works seamlessly with my phone."
696,This coffee maker makes the best morning brews quick and easy. Love how customizable it is!
256,This humidifier helps me sleep better by adding just the right amount of moisture to the air without being too noisy.
429,This humidifier helps me sleep better by adding just the right amount of moisture to the air without being too noisy.
789,The e-reader I got for commuting has made reading on the go much easier. The screen is gentle on my eyes too.
280,This digital photo frame is an amazing way to display memories without cluttering up the space. So much easier than physical frames.
443,This 3D printer is a game changer if you love DIY projects. Easy setup and prints high-quality models quickly!
669,Bought this for home workouts and it's been great so far. It has everything I need to keep fit right from my living room.
67,This coffee maker makes the best morning brews quick and easy. Love how customizable it is!
837,"Got this power bank for travel purposes, but it's come in handy even at home when all my other gadgets are charging too!"
61,"Purchased this blender after seeing rave reviews, and it does not disappoint! Makes everything from smoothies to soups effortlessly."
917,"Purchased this blender after seeing rave reviews, and it does not disappoint! Makes everything from smoothies to soups effortlessly."
332,"Bought this tablet for my daughter, who loves drawing on the screen. The stylus works perfectly with her art apps."
90,"Absolutely love this new smartwatch from XYZ brand! It has amazing battery life, sleek design, and works seamlessly with my phone."
29,"My kids love playing video games on this gaming headset, which offers crystal clear sound and comfort for long gaming sessions."
47,This 3D printer is a game changer if you love DIY projects. Easy setup and prints high-quality models quickly!
306,"My kids love playing video games on this gaming headset, which offers crystal clear sound and comfort for long gaming sessions."
628,Bought this for home workouts and it's been great so far. It has everything I need to keep fit right from my living room.
930,"The fitness tracker is a game changer. It accurately tracks all my activities, sleep patterns, and even has built-in GPS."
709,"Bought this tablet for my daughter, who loves drawing on the screen. The stylus works perfectly with her art apps."
474,This air fryer is a great addition to any kitchen. Healthy frying with very little oil required.
924,"Purchased this blender after seeing rave reviews, and it does not disappoint! Makes everything from smoothies to soups effortlessly."
919,I've been cooking with this sous-vide machine for a few weeks now and have cooked some really delicious meals.
113,"Absolutely love this new smartwatch from XYZ brand! It has amazing battery life, sleek design, and works seamlessly with my phone."
896,Love how versatile this electric grill is for different types of foods. It's the perfect gadget for outdoor parties.
771,This 3D printer is a game changer if you love DIY projects. Easy setup and prints high-quality models quickly!
701,This digital photo frame is an amazing way to display memories without cluttering up the space. So much easier than physical frames.
714,Got this robot vacuum as an upgrade from my old model and it's night and day better. Picks up everything and is super quiet while doing so.
944,This ergonomic keyboard drastically reduced wrist strain while working from home. Highly recommend!
736,"I've been using this instant pot for months now, and I can't imagine cooking without it anymore. So many delicious meals in such little time!"
329,Bought this laptop for college and it's been fantastic so far. Lightweight and the battery lasts longer than I expected.
780,The e-reader I got for commuting has made reading on the go much easier. The screen is gentle on my eyes too.
694,This air fryer is a great addition to any kitchen. Healthy frying with very little oil required.
95,I've been cooking with this sous-vide machine for a few weeks now and have cooked some really delicious meals.
310,Love the sleek design and durability of these noise-cancelling headphones. They're perfect for flights or anytime I need to focus.
833,I've been using this portable charger on trips and it's saved me multiple times when I'm out of juice but can't find a power outlet nearby.
775,"Absolutely love this new smartwatch from XYZ brand! It has amazing battery life, sleek design, and works seamlessly with my phone."
847,This air fryer is a great addition to any kitchen. Healthy frying with very little oil required.
51,This coffee maker makes the best morning brews quick and easy. Love how customizable it is!
338,The e-reader I got for commuting has made reading on the go much easier. The screen is gentle on my eyes too.
63,This ergonomic keyboard drastically reduced wrist strain while working from home. Highly recommend!
921,This air fryer is a great addition to any kitchen. Healthy frying with very little oil required.
436,"I've been using this instant pot for months now, and I can't imagine cooking without it anymore. So many delicious meals in such little time!"
953,This humidifier helps me sleep better by adding just the right amount of moisture to the air without being too noisy.
984,"My kids love playing video games on this gaming headset, which offers crystal clear sound and comfort for long gaming sessions."
928,The new wireless earbuds offer impressive sound quality and a comfortable fit. They last all day on a single charge.
987,Love how versatile this electric grill is for different types of foods. It's the perfect gadget for outdoor parties.
215,"Got this power bank for travel purposes, but it's come in handy even at home when all my other gadgets are charging too!"
972,This digital photo frame is an amazing way to display memories without cluttering up the space. So much easier than physical frames.
336,Love how versatile this electric grill is for different types of foods. It's the perfect gadget for outdoor parties.
795,Bought this for home workouts and it's been great so far. It has everything I need to keep fit right from my living room.
416,This ergonomic keyboard drastically reduced wrist strain while working from home. Highly recommend!
608,The new smart speaker has a great range and connects easily with other devices around my home. Perfect for controlling everything via voice!
698,This air fryer is a great addition to any kitchen. Healthy frying with very little oil required.
478,"The electric kettle heats water faster than my old one, which saves time when making tea or coffee in the morning."
475,"Purchased this blender after seeing rave reviews, and it does not disappoint! Makes everything from smoothies to soups effortlessly."
525,The new wireless earbuds offer impressive sound quality and a comfortable fit. They last all day on a single charge.
330,I've been cooking with this sous-vide machine for a few weeks now and have cooked some really delicious meals.
579,The e-reader I got for commuting has made reading on the go much easier. The screen is gentle on my eyes too.
926,Love how versatile this electric grill is for different types of foods. It's the perfect gadget for outdoor parties.
811,"The fitness tracker is a game changer. It accurately tracks all my activities, sleep patterns, and even has built-in GPS."
49,Got this robot vacuum as an upgrade from my old model and it's night and day better. Picks up everything and is super quiet while doing so.
64,This digital photo frame is an amazing way to display memories without cluttering up the space. So much easier than physical frames.
845,"I've been using this instant pot for months now, and I can't imagine cooking without it anymore. So many delicious meals in such little time!"
773,This 3D printer is a game changer if you love DIY projects. Easy setup and prints high-quality models quickly!
